"coef","estimate","se","t_value","lower","upper","NA"
"是否為店面FALSE",625.716547052478,17.2823087353407,36.2056109883599,3.20326263814036e-284,591.843219718523,659.589874386434
"是否為店面TRUE",731.522647589232,27.6603952902069,26.4465724337723,2.55489921594451e-153,677.308269279012,785.737025899451
"季數差-38",-15.6505055451877,103.892264838932,-0.150641682221975,0.880258841824178,-219.279357931023,187.978346840647
"季數差-37",-171.85281863945,103.4996627881,-1.66041911644961,0.0968349436934972,-374.712170955389,31.0065336764884
"季數差-36",-58.9326589367228,18.8678443219308,-3.12344420121292,0.00178825487044274,-95.9136362233938,-21.9516816500518
"季數差-35",-46.0869513172905,8.22263314556577,-5.60488963832028,2.09221659577509e-08,-62.2033133353591,-29.970589299222
"季數差-34",-67.7311858649323,8.85825473486915,-7.64610952068458,2.0995679203925e-14,-85.0933662794153,-50.3690054504492
"季數差-33",-39.2661121103696,8.09790568897804,-4.84892188406371,1.24417807218128e-06,-55.1380082975571,-23.3942159231821
"季數差-32",-47.2125920013463,8.06802317522415,-5.85181660686474,4.88534321499757e-09,-63.0259184577502,-31.3992655449423
"季數差-31",-34.9334717932234,8.1625926002365,-4.27970296988867,1.87407787165861e-05,-50.9321543347595,-18.9347892516874
"季數差-30",-43.5756263708134,8.26050266008434,-5.27517854105605,1.33046351845755e-07,-59.7662126421868,-27.3850400994399
"季數差-29",-37.3623566534386,7.74578807313546,-4.82357073297959,1.41326356438217e-06,-52.5441022684923,-22.1806110383849
"季數差-28",-43.8614610856592,7.9139380510405,-5.54230533557088,2.99658786515083e-08,-59.3727806789354,-28.350141492383
"季數差-27",-37.6061115103048,8.05659355664739,-4.66774341362629,3.0512664722714e-06,-53.397035912835,-21.8151871077747
"季數差-26",-48.9226912805967,8.12137937638385,-6.02393867017947,1.71125234955045e-09,-64.8405958981049,-33.0047866630884
"季數差-25",-37.1577651770939,7.89561789685099,-4.70612505094927,2.52983681425419e-06,-52.6331772658131,-21.6823530883747
"季數差-24",-34.4503314974034,7.7506597957888,-4.44482565421352,8.81070361290719e-06,-49.6416256894814,-19.2590373053254
"季數差-23",-42.1227877802044,7.97817045565984,-5.27975530409003,1.29767006241779e-07,-57.7600028947583,-26.4855726656505
"季數差-22",-40.2325767638272,8.10046536051722,-4.96669943926015,6.82726300055034e-07,-56.1094899075592,-24.3556636200951
"季數差-21",-27.5287541321934,7.44158641536517,-3.69931256530904,0.000216360509491602,-42.1142644590699,-12.943243805317
"季數差-20",-25.2443112798331,7.59711199011633,-3.32288260495244,0.000891410815761624,-40.1346517531341,-10.3539708065322
"季數差-19",-37.483057777802,7.78821415689406,-4.81279238381271,1.49166176144971e-06,-52.7479585224545,-22.2181570331495
"季數差-18",-41.044979196642,7.98774229304021,-5.13849567134945,2.77737815003358e-07,-56.700955113687,-25.3890032795971
"季數差-17",-28.5363292761193,7.50639201246889,-3.80160391686412,0.000143892309145625,-43.2488585816162,-13.8237999706224
"季數差-16",-36.7443252806272,7.58019496698715,-4.84741163527509,1.25368058475699e-06,-51.601508386429,-21.8871421748253
"季數差-15",-36.8496768025927,7.92123590576506,-4.65201102971489,3.29353638514186e-06,-52.3753001920634,-21.324053413122
"季數差-14",-32.653541458717,7.80283323620591,-4.18483139011627,2.85748727077295e-05,-47.9470956006924,-17.3599873167416
"季數差-13",-12.9180046952536,7.51870077633895,-1.71811661077217,0.0857800638549444,-27.6546591795118,1.81864978900456
"季數差-12",-20.3075229237342,7.70977005231508,-2.63399852212664,0.00844056489468225,-35.4186732133685,-5.19637263409981
"季數差-11",-17.6607198806752,7.79225701319611,-2.26644473491659,0.023427407622814,-32.9335446241973,-2.38789513715308
"季數差-10",-21.2131058355736,7.95375886122704,-2.66705418226635,0.00765381007621167,-36.8024742219137,-5.62373744923344
"季數差-9",-13.119378513514,7.34014922298858,-1.78734493195663,0.0738863686125389,-27.5060719303451,1.26731490331712
"季數差-8",-20.1891556306136,7.58168410766654,-2.66288536213194,0.0077492697267862,-35.0492574523377,-5.32905380888949
"季數差-7",-9.84952327050943,7.70662702568362,-1.27805890147327,0.201233178390052,-24.9545132275437,5.25546668652483
"季數差-6",-12.6593985633829,7.84060827533565,-1.61459393440249,0.106403466605924,-28.026991786889,2.70819466012326
"季數差-5",-5.45953134833911,7.47775587727981,-0.730102912951088,0.465329886641426,-20.1159338251991,9.19687112852089
"季數差-4",-14.0067816473782,7.38781109817761,-1.89593121172702,0.0579735290241152,-28.4868923456821,0.473329050925669
"季數差-3",-12.8481002725784,7.5593409710037,-1.69963232533913,0.0892048443161844,-27.6644095435827,1.96820899842595
"季數差-2",-4.71693345487612,7.62038904879884,-0.618988535187666,0.535926059922739,-19.652896966175,10.2190300564228
"季數差-1",3.69606194996719,7.3138063893311,0.505354086944215,0.613311857272543,-10.6389995095226,18.0311234094569
"季數差1",8.47102752016396,7.52181841885132,1.12619409941268,0.260087488135275,-6.27173754381761,23.2137925841455
"季數差2",7.39629542479935,7.63708910792257,0.968470489250489,0.332813018960316,-7.57240020452019,22.3649910541189
"季數差3",11.8480002571117,6.99435965090363,1.69393637851908,0.0902821177895809,-1.86094555416081,25.5569460683842
"季數差4",27.5287704461791,7.02366026331364,3.91943365910918,8.88472670318774e-05,13.7623954308315,41.2951454615267
"季數差5",25.4096605110221,7.08344931868265,3.58718745174106,0.000334506899317648,11.5260989394964,39.2932220825478
"季數差6",27.2527974594823,8.59737401705048,3.16989785548867,0.0015256254765331,10.401943285325,44.1036516336397
"到學校距離",0.0172832307300366,0.00864585164824938,1.99902004258147,0.0456103010973876,0.000337360392522679,0.0342291010675505
"到捷運站距離",-0.102396603369897,0.00658586711411135,-15.5479303781417,2.05562995630773e-54,-0.115304903756756,-0.0894883029830369
"屋齡",-2.8675176979241,0.0772487404621308,-37.1205754394122,1.65502547581379e-298,-3.01892523912018,-2.71611015672802
"總樓層數",2.2371861850576,0.200194041656902,11.1750887615914,5.73510087627516e-29,1.84480583777884,2.62956653233636
"租賃面積",-0.0128936352202701,0.00265909275599535,-4.84888509105194,1.24440874880084e-06,-0.0181054573624698,-0.00768181307807039
"是否為一樓TRUE",161.462309577739,3.15425263562163,51.1887690143495,0,155.279974008075,167.644645147402
"土地使用分區住",-27.0870582469807,6.4063601840618,-4.22815100442991,2.35938094946577e-05,-39.6435250279605,-14.5305914660009
"土地使用分區其他",22.9409798923431,6.79909065014548,3.37412472826087,0.000740936320891741,9.61476134755725,36.267198437129
"土地使用分區商",15.7064947402021,6.63425335534557,2.36748491486937,0.0179123328347397,2.70335731432849,28.7096321660757
"土地使用分區農",17.0965886102243,60.8041640438733,0.281174634649829,0.778577345115364,-102.079580700642,136.272757921091
"有無車位TRUE",-43.7582943917471,2.5385731105596,-17.2373583450197,1.95160910623485e-66,-48.7338980134623,-38.7826907700318
"村里士林區仁勇里",654.783187788782,28.0123240927688,23.3748255096695,2.39804902346686e-120,599.879028980483,709.687346597081
"村里士林區公館里",333.672084716283,72.4804558118714,4.60361460173973,4.15997345378053e-06,191.610382045202,475.733787387364
"村里士林區天山里",29.0889988948603,15.6332054554931,1.8607187743854,0.0627883695607048,-1.55208579945572,59.7300835891764
"村里士林區天母里",40.5855925036093,20.8814973662572,1.94361504789366,0.0519461581754905,-0.342145007753238,81.5133300149719
"村里士林區天玉里",12.822665576814,15.0518400487835,0.851900201919188,0.394272592963614,-16.6789428459179,42.324273999546
"村里士林區天和里",84.9734622962221,22.5463631215119,3.76883233177184,0.000164156444024943,40.7825876914043,129.16433690104
"村里士林區天祿里",15.8057944660261,17.4727831894684,0.904595123434769,0.365683239965048,-18.4408628224062,50.0524517544584
"村里士林區天壽里",6.70616237785403,16.7787835794591,0.399681082129449,0.689392728160016,-26.1802555861059,39.5925803418139
"村里士林區天福里",60.0006347723333,15.203223020849,3.94657334764157,7.93601363139049e-05,30.2023157049713,89.7989538396953
"村里士林區永倫里",-93.8179053818331,44.1310648994841,-2.12589262451561,0.0335159233445329,-180.314798235008,-7.32101252865858
"村里士林區永福里",215.897103724602,47.6974031657135,4.52639115329861,6.01046818088462e-06,122.410187413013,309.384020036192
"村里士林區名山里",-113.560459502983,23.5573206056203,-4.82060168913647,1.43445479852849e-06,-159.732810906088,-67.3881080998775
"村里士林區百齡里",-200.450393400706,46.83919679358,-4.2795437821893,1.875418326329e-05,-292.255225113036,-108.645561688377
"村里士林區岩山里",-47.1316537579619,31.2237019279043,-1.50948320819835,0.131180156847694,-108.330113534285,14.0668060183615
"村里士林區忠誠里",-88.157991616045,18.6612804134661,-4.72411269016834,2.31599722386978e-06,-124.734103615678,-51.5818796164117
"村里士林區承德里",-105.738494623633,20.830970367968,-5.07602347638246,3.86465975749246e-07,-146.56719921188,-64.9097900353862
"村里士林區明勝里",-190.096257186625,32.4944083046545,-5.85012213191756,4.93534845853317e-09,-253.78530162407,-126.40721274918
"村里士林區東山里",116.668824131698,29.9816447079932,3.89134169482683,9.97897784620572e-05,57.9047966654232,175.432851597972
"村里士林區社子里",-158.895909089733,33.5041236722485,-4.74257767921703,2.114584079131e-06,-224.563995776938,-93.2278224025279
"村里士林區社園里",-146.312650555418,44.8619542902666,-3.2613971653741,0.00110921170367435,-234.242086708104,-58.3832144027327
"村里士林區社新里",-89.4324372886411,32.2890552441677,-2.7697446274708,0.00561160152755803,-152.71898970124,-26.1458848760423
"村里士林區芝山里",-3.33615790489013,18.4914186652739,-0.180416547009197,0.856826121837915,-39.5793408563192,32.9070250465389
"村里士林區前港里",-178.96503765228,24.3872148731048,-7.33847791080277,2.18523766932882e-13,-226.763981925908,-131.166093378653
"村里士林區後港里",-82.3347557834216,22.2486166253256,-3.70066854807053,0.000215207780727255,-125.942047217593,-38.7274643492499
"村里士林區富光里",-138.228943849274,45.6494279137219,-3.02805424222465,0.00246229442670478,-227.701828404753,-48.7560592937943
"村里士林區富洲里",-190.485992857053,104.21901185644,-1.82774706326563,0.0675920585800873,-394.755269439037,13.7832837249304
"村里士林區菁山里",250.678336765203,149.296574820501,1.67906287914906,0.0931445496038421,-41.9429689977076,543.299642528114
"村里士林區陽明里",247.314528317192,31.7481719829999,7.78988246786684,6.80495212193661e-15,185.088107165732,309.540949468652
"村里士林區新安里",309.438904652624,49.7867624120607,6.21528473957694,5.15385665326096e-10,211.856843950689,407.020965354559
"村里士林區溪山里",1045.55878061764,207.320879769262,5.04319093079914,4.59048735584702e-07,639.209829726194,1451.90773150909
"村里士林區義信里",69.3484459897693,22.5311208096063,3.07789597223242,0.00208553575301225,25.1874463182379,113.509445661301
"村里士林區聖山里",-82.3490853128457,19.0055413954079,-4.3328986846301,1.47377179260292e-05,-119.599948881161,-45.09822174453
"村里士林區葫東里",-99.3524892987166,36.3945787732309,-2.72987056445321,0.00633760874697756,-170.685868353917,-28.0191102435157
"村里士林區葫蘆里",-92.756781078164,39.5365745320961,-2.34610059611672,0.0189739449727999,-170.248472223017,-15.2650899333114
"村里士林區福中里",-205.271550492004,27.4763799066532,-7.47083681290561,8.06710204829192e-14,-259.125258626899,-151.41784235711
"村里士林區福安里",-198.376673777773,207.032937257027,-0.958188954888336,0.337971015112922,-604.161257308374,207.407909752828
"村里士林區福志里",-127.170112098933,22.7415802771759,-5.59196461059326,2.2540505381944e-08,-171.743612353846,-82.5966118440199
"村里士林區福佳里",-81.4648998030243,25.4148523749345,-3.20540519382947,0.00134936986911404,-131.278013711809,-31.65178589424
"村里士林區福林里",4.34993224877394,28.93218471434,0.150349249174327,0.880489541316679,-52.357153495576,61.0570179931239
"村里士林區福華里",-165.104644921253,31.956731597438,-5.16650598068326,2.39206485972271e-07,-227.739842943714,-102.469446898792
"村里士林區福順里",-69.3231573361198,28.0847417842188,-2.46835658553476,0.0135760320131198,-124.369254828932,-14.2770598433071
"村里士林區福德里",43.4761370829336,29.4253448042393,1.47750646159531,0.139544725588524,-14.1975425007593,101.149816666626
"村里士林區翠山里",-42.3859994502704,52.1240412726459,-0.813175617534361,0.416120326374812,-144.549127018198,59.7771281176575
"村里士林區德行里",-67.3624346729285,18.4963935374095,-3.64192265571589,0.000270817476036627,-103.61536837438,-31.1095009714768
"村里士林區德華里",-196.623824561596,25.5922934277482,-7.68293100095548,1.57635661572942e-14,-246.784722956614,-146.462926166579
"村里士林區臨溪里",11.3151642065998,39.5997514422296,0.285738263360239,0.775079497715835,-66.300353690203,88.9306821034026
"村里士林區舊佳里",-87.5239679629967,24.1753954880028,-3.62037378070737,0.000294398972451419,-134.907746214705,-40.1401897112885
"村里士林區蘭雅里",-78.6037796940754,16.6543875115587,-4.71970402030827,2.36674255737248e-06,-111.246381349024,-45.9611780391269
"村里士林區蘭興里",-64.8993042149479,16.1976166713139,-4.00671935457549,6.16357850106068e-05,-96.6466349645353,-33.1519734653604
"村里大同區大有里",-288.00731852163,41.8536181106522,-6.88130038746469,5.98384616475093e-12,-370.040415377109,-205.974221666152
"村里大同區民權里",-124.492624104971,21.5046719287616,-5.78909664455132,7.10871799480931e-09,-166.641783838628,-82.3434643713132
"村里大同區永樂里",-233.784652062828,25.6420130237649,-9.11725034404115,7.91573327150476e-20,-284.043000872404,-183.526303253252
"村里大同區玉泉里",-242.212818589219,32.0328691405992,-7.5613838250359,4.03971613875687e-14,-304.997246206023,-179.428390972414
"村里大同區光能里",-66.0047726882045,18.2438099086136,-3.61792701298873,0.000297194888514194,-101.762642444877,-30.2469029315316
"村里大同區老師里",-190.23965923196,43.1664366655483,-4.40711983492936,1.04920074473541e-05,-274.845880623117,-105.633437840803
"村里大同區至聖里",-194.758590320623,20.4024066109111,-9.54586358535109,1.39407581129051e-21,-234.747309890168,-154.769870751077
"村里大同區延平里",-205.552788535123,28.0427836965228,-7.32997090301739,2.32840894424327e-13,-260.516648170679,-150.588928899566
"村里大同區保安里",-225.59825118158,32.1347310517773,-7.02038709513652,2.23393027726714e-12,-288.582328157335,-162.614174205825
"村里大同區南芳里",-273.669270035705,28.2466607573528,-9.68855300761409,3.49021207150332e-22,-329.032728736591,-218.305811334819
"村里大同區建功里",-161.944447572948,17.5923260299554,-9.20540281581849,3.50046855941678e-20,-196.42540884404,-127.463486301856
"村里大同區建明里",-57.0909048582376,15.2071090312481,-3.75422473403231,0.000174028666030974,-86.8968405064794,-27.2849692099958
"村里大同區建泰里",-107.123215315697,17.9264202314254,-5.97571706636154,2.30257099028493e-09,-142.259001264445,-71.9874293669494
"村里大同區星明里",-119.185859318489,19.6370371685141,-6.06944205970092,1.29056102762009e-09,-157.674454682945,-80.697263954034
"村里大同區重慶里",-212.334176224802,30.3926924730351,-6.98635622405578,2.84792440903249e-12,-271.903857363186,-152.764495086418
"村里大同區國順里",-265.215823139827,46.9604485938427,-5.64764245405018,1.6333354085866e-08,-357.258308396196,-173.173337883458
"村里大同區國慶里",-234.258577755429,50.3760050518287,-4.65020156946576,3.32255591989326e-06,-332.99555410675,-135.521601404107
"村里大同區揚雅里",-181.552237381777,30.0945622314269,-6.03272564610318,1.62076480969692e-09,-240.537583208439,-122.566891555116
"村里大同區斯文里",-233.791078625032,32.6451422026189,-7.16158861168253,8.05812443181369e-13,-297.775561521786,-169.806595728278
"村里大同區景星里",-223.601607185564,48.2207826853031,-4.63703811372838,3.54117088503629e-06,-318.114347422558,-129.08886694857
"村里大同區朝陽里",-214.124216248715,23.9791352142829,-8.92960543969803,4.38266793030402e-19,-261.123324338804,-167.125108158625
"村里大同區隆和里",-355.517142078438,32.5372449567177,-10.9264672700888,9.10188162121114e-28,-419.290146359411,-291.744137797465
"村里大同區蓬萊里",-201.052919749085,21.0027223407174,-9.5727075989244,1.07598115710141e-21,-242.21825822591,-159.88758127226
"村里大同區鄰江里",-206.2961145413,43.211992580359,-4.77404771737064,1.80947986538578e-06,-290.991625531319,-121.600603551281
"村里大同區雙連里",-65.0489318477924,19.0846465697922,-3.40844309638691,0.000653739423116798,-102.454841568029,-27.6430221275554
"村里大安區大學里",-108.327461339682,23.8538717450994,-4.54129470038495,5.60090869055204e-06,-155.081053014134,-61.57386966523
"村里大安區仁愛里",20.9361291312037,19.6569617358755,1.06507452232527,0.286846125556737,-17.5915183878312,59.4637766502385
"村里大安區仁慈里",-26.9904925173207,22.4743958154749,-1.20094407604658,0.229777229091716,-71.040311193092,17.0593261584505
"村里大安區古風里",-96.0089173752171,29.7934287853585,-3.22248634310929,0.00127145218421206,-154.40404160903,-37.613793141404
"村里大安區古莊里",-125.366747152926,21.2060657112903,-5.91183432418489,3.39985307131363e-09,-166.930638662109,-83.8028556437436
"村里大安區正聲里",111.127623274625,19.9600917877695,5.56749059354119,2.59441684506983e-08,72.0058408150679,150.249405734183
"村里大安區民炤里",-86.1881309130376,22.2208690027345,-3.87870208417282,0.000105117611213952,-129.741037003378,-42.6352248226971
"村里大安區民輝里",-110.445963500876,23.0040384399654,-4.80115540534813,1.58099611253193e-06,-155.53388178846,-65.3580452132923
"村里大安區永康里",55.9429718232246,26.7243281724182,2.09333501154063,0.0363230873991076,3.56328518371745,108.322658462732
"村里大安區光明里",-18.2043295494284,23.1726663817516,-0.78559494403994,0.432107663240723,-63.6227586245029,27.2140995256462
"村里大安區光武里",137.999930732663,19.2651417933232,7.16319309834981,7.9644030073158e-13,100.240250351196,175.75961111413
"村里大安區光信里",-63.2947596439675,18.6888041004732,-3.38677420468894,0.00070761036899864,-99.9248180736587,-26.6647012142762
"村里大安區全安里",-81.4988150285423,20.5666909976348,-3.96266054845258,7.41974524491622e-05,-121.8095320171,-41.1880980399848
"村里大安區住安里",-25.5128492203098,21.545428288534,-1.18414212419659,0.236361095762913,-67.7418914243393,16.7161929837196
"村里大安區車層里",62.5380215940432,22.6992699012712,2.75506753591846,0.00586961904285687,18.0474496813202,107.028593506766
"村里大安區和安里",-58.0454235764347,21.4397515763958,-2.70737388768722,0.00678353821565799,-100.067339411143,-16.0235077417261
"村里大安區昌隆里",49.387740796216,26.9968698005827,1.82938767201634,0.0673460871121484,-3.52612746938748,102.30160906182
"村里大安區法治里",-90.6259683059685,25.534537158604,-3.54915257492464,0.000386742912993697,-140.673664406069,-40.5782722058683
"村里大安區臥龍里",-154.784081420056,37.4196319741435,-4.13644050606937,3.53173348128868e-05,-228.126564880285,-81.4415979598268
"村里大安區芳和里",-195.155683586229,31.0240124762894,-6.29047205726145,3.18489438884486e-10,-255.96275201182,-134.348615160637
"村里大安區虎嘯里",-140.143932077562,19.4870002173447,-7.19166267329461,6.46874002864507e-13,-178.338454998516,-101.949409156608
"村里大安區建安里",455.882289236741,20.2760104267957,22.4838259421228,1.57997633635845e-111,416.141306204244,495.623272269237
"村里大安區建倫里",36.0989294169598,19.7753807153479,1.82544801218128,0.0679379914707239,-2.66081931700231,74.858678150922
"村里大安區通化里",-63.7703432944721,17.9926580352463,-3.54424249988804,0.000394016401723644,-99.0359553471898,-28.5047312417545
"村里大安區通安里",-27.4135237171212,22.6092662446308,-1.21249064080667,0.225328987215256,-71.7276884513057,16.9006410170634
"村里大安區敦安里",-67.9460047117699,21.4440802190082,-3.1685203570327,0.00153287252651866,-109.976404686553,-25.9156047369867
"村里大安區敦煌里",-24.147978242969,20.3413867480109,-1.18713529918654,0.235178553094054,-64.0170988734175,15.7211423874795
"村里大安區華聲里",-81.3735510172341,28.4940455404164,-2.85580897601264,0.00429407973134711,-137.221883924598,-25.5252181098701
"村里大安區新龍里",-184.03456475916,27.6528946812762,-6.65516456343251,2.85199897850521e-11,-238.234241874915,-129.834887643405
"村里大安區群英里",-174.145595267447,26.7890782841329,-6.50061914861001,8.05614564211922e-11,-226.652192134205,-121.638998400689
"村里大安區群賢里",-92.9141300145911,23.0858184082921,-4.02472757826153,5.71052367814189e-05,-138.162337050566,-47.6659229786165
"村里大安區義安里",-65.6234287868854,18.940659457761,-3.46468553184382,0.00053119060981767,-102.747123749106,-28.4997338246645
"村里大安區義村里",-64.3540815444174,21.4605977481582,-2.99870871723228,0.00271227942751618,-106.416855878449,-22.2913072103854
"村里大安區誠安里",-19.7076862747446,20.4401842023169,-0.964163829429225,0.334967347708189,-59.770449928282,20.3550773787929
"村里大安區福住里",42.3396286789291,23.6695780648551,1.78877834505194,0.073655129787208,-4.05274735864882,88.7320047165071
"村里大安區德安里",-39.1298967856849,26.8931511447577,-1.4550134558446,0.145670318650982,-91.8404764725922,13.5806829012224
"村里大安區黎元里",-176.38489692262,66.5377967374738,-2.65089776895605,0.0080297401345508,-306.798987047032,-45.9708067982089
"村里大安區黎孝里",-172.665217637937,31.712564076227,-5.44469432439787,5.20799686366023e-08,-234.821847287563,-110.508587988311
"村里大安區黎和里",-195.092968883478,23.7884923902589,-8.20114892877223,2.42358866872192e-16,-241.718417014072,-148.467520752884
"村里大安區學府里",-389.805044152396,206.967221772876,-1.88341439196669,0.0596486487750183,-795.460825325648,15.8507370208555
"村里大安區錦安里",-40.5157416155607,21.6655366879589,-1.87005483404794,0.0614806513763016,-82.9801962978408,1.94871306671945
"村里大安區錦泰里",-93.1944791440028,31.6679436490863,-2.94286487865125,0.0032530406882929,-155.26365275072,-31.1253055372856
"村里大安區錦華里",-136.099030521141,24.5122380774553,-5.55228902767208,2.83040639233669e-08,-184.143020291302,-88.055040750979
"村里大安區龍生里",-96.0329579039856,30.8909400682496,-3.10877421314512,0.00187945522741275,-156.579204392782,-35.4867114151896
"村里大安區龍安里",-70.6803940298447,22.5274119823156,-3.13752836257134,0.00170454117206614,-114.834124399411,-26.5266636602779
"村里大安區龍坡里",-154.955439025406,38.0496018998148,-4.07245887705753,4.65739344248841e-05,-229.532663620607,-80.3782144302045
"村里大安區龍門里",-44.9236209660347,31.7206194984345,-1.41622773061704,0.156713584787888,-107.096039244219,17.2487973121494
"村里大安區龍泉里",-47.5906875374491,34.4330424366336,-1.38212264063012,0.166938751162976,-115.07945512178,19.8980800468819
"村里大安區龍陣里",-124.84854884031,28.2683342429763,-4.41655131735717,1.00448168047699e-05,-180.254487575793,-69.4426101048265
"村里大安區龍淵里",-83.4560666366022,26.4167311718883,-3.15921247385116,0.00158267847123729,-135.232863115689,-31.6792701575159
"村里大安區龍雲里",-105.752842327787,23.6653682339388,-4.46867512402051,7.8836946683532e-06,-152.13696709623,-59.3687175593445
"村里大安區龍圖里",24.803341010044,16.6528411413442,1.4894359947063,0.136377400859558,-7.83622975908604,57.442911779174
"村里大安區臨江里",-69.9183137764211,33.9968091826951,-2.05661400164609,0.0397273140620917,-136.552064127181,-3.28456342566129
"村里中山區力行里",-82.1609592796848,16.6073405185458,-4.94726769695207,7.54481677642555e-07,-114.711348822305,-49.6105697370651
"村里中山區下埤里",-95.6975417368541,18.9484591824661,-5.05041284968477,4.42034321314998e-07,-132.836524160496,-58.5585593132127
"村里中山區大直里",-127.171908811007,25.1040928998408,-5.06578386713242,4.07822914792049e-07,-176.37593410882,-77.9678835131932
"村里中山區中山里",-17.6389689506884,13.9803338858037,-1.26169869008636,0.207061712123205,-45.0404251567929,9.76248725541604
"村里中山區中央里",-19.489659003075,19.056567947066,-1.02272660309097,0.306440898778227,-56.8405346191736,17.8612166130236
"村里中山區中吉里",-58.6783882582475,16.6693658441081,-3.52013320764616,0.000431622173669369,-91.3503474469105,-26.0064290695845
"村里中山區中庄里",-146.342345608422,22.1212102896105,-6.6154764451181,3.73190642819755e-11,-189.69992060828,-102.984770608564
"村里中山區中原里",-102.269500074395,17.3231760245937,-5.9036229805206,3.5734655407643e-09,-136.222927300518,-68.3160728482714
"村里中山區北安里",-48.3393277313886,21.1185140252545,-2.28895497446374,0.02208512956052,-89.7316179247316,-6.94703753804556
"村里中山區正守里",-156.372113309422,19.5804364660428,-7.9861403284145,1.41469902456674e-15,-194.749771289787,-117.994455329057
"村里中山區正得里",-69.5386691507296,15.6006884371507,-4.45741028871094,8.30928848271367e-06,-100.116020484931,-38.9613178165278
"村里中山區正義里",-45.7943189366856,15.7397976656772,-2.90946045872918,0.00362174678830527,-76.6443243766097,-14.9443134967615
"村里中山區民安里",9.87357549345224,17.7569830751035,0.556039021476327,0.578186074780755,-24.9301136072115,44.677264594116
"村里中山區永安里",-151.890245186776,18.2214519399014,-8.33579265185596,7.84497142504207e-17,-187.604293321911,-116.176197051642
"村里中山區成功里",-114.595160880375,15.5920367393792,-7.34959536049284,2.01110364706404e-13,-145.155554885837,-84.0347668749135
"村里中山區朱崙里",-95.5328428433246,17.6855143065797,-5.40175655552086,6.62202771252697e-08,-130.196453148531,-60.8692325381179
"村里中山區朱園里",-59.0377681540663,15.6268802041111,-3.77796254805453,0.000158256192529074,-89.6664553548638,-28.4090809532689
"村里中山區朱馥里",-59.0403378580398,18.7130476554449,-3.1550359377651,0.00160550754007546,-95.7179136585796,-22.3627620575
"村里中山區江山里",-148.456944723779,19.1513863590792,-7.75175968675492,9.1923769013644e-15,-185.993664439563,-110.920225007994
"村里中山區江寧里",-102.30927756134,17.5989284596107,-5.81338107011106,6.1505937725185e-09,-136.803179595402,-67.8153755272779
"村里中山區行仁里",-77.8783853556485,25.7376492500459,-3.02585463804585,0.0024802744717145,-128.324181180979,-27.4325895303175
"村里中山區行孝里",-55.8664242075483,25.0737230426754,-2.22808651561094,0.0258781210724228,-105.010924581429,-6.72192383366727
"村里中山區行政里",-181.10272015426,22.1029638537033,-8.19359436829176,2.58056565960102e-16,-224.424532137403,-137.780908171116
"村里中山區松江里",-117.077563309844,18.7933131904706,-6.22974576772391,4.70017010570684e-10,-153.912459569311,-80.2426670503775
"村里中山區金泰里",-124.448705851175,15.5188870692763,-8.01917723195199,1.08197394567982e-15,-154.86572649387,-94.0316852084802
"村里中山區恆安里",-81.1027155848494,15.3389202906939,-5.28738099213244,1.24475982418977e-07,-111.167001318481,-51.0384298512177
"村里中山區埤頭里",-28.1354216406453,23.9958871840018,-1.17251016496707,0.240996548901077,-75.1673635935288,18.8965203122382
"村里中山區康樂里",-57.4515075584509,15.8161636686797,-3.63245530091602,0.000280951000912024,-88.4511903740371,-26.4518247428647
"村里中山區復華里",-51.8329632108001,15.7548122048228,-3.28997658219838,0.00100248489194981,-82.7123971493718,-20.9535292722284
"村里中山區晴光里",-61.6773948639492,14.6592316580515,-4.20740979491058,2.58657114732451e-05,-90.40949079058,-32.9452989373184
"村里中山區集英里",-76.8899368385377,15.4534677250645,-4.97557818131831,6.52172781865254e-07,-107.178735558202,-46.6011381188739
"村里中山區圓山里",-135.020461876575,18.2775235279098,-7.38724049078085,1.51678955975765e-13,-170.844410331385,-99.1965134217648
"村里中山區新生里",-138.277577235862,18.8182902813875,-7.34804146222719,2.03459679109791e-13,-175.161428596724,-101.393725875001
"村里中山區新庄里",-72.2862152016436,21.8494734695709,-3.30837332544029,0.000938900774290888,-115.111185999433,-29.4612444038543
"村里中山區新喜里",-113.985460392095,21.4041047245289,-5.32540191982284,1.01060547768762e-07,-155.937508392581,-72.0334123916095
"村里中山區新福里",-80.1552538824356,18.9606890134054,-4.22744415172703,2.36680067475128e-05,-117.318206776284,-42.9923009885873
"村里中山區聚盛里",-84.6188933182413,16.0352484227057,-5.27705534006083,1.31692003038277e-07,-116.047982279768,-53.1898043567142
"村里中山區聚葉里",-111.892142714683,17.3758130016413,-6.43953423670671,1.2066555009495e-10,-145.948738422558,-77.8355470068066
"村里中山區劍潭里",-289.173835945481,66.5798915237515,-4.34326084539086,1.40593477219819e-05,-419.670431856386,-158.677240034576
"村里中山區興亞里",-37.5786307171967,15.7408237682115,-2.38733571193945,0.0169737985688083,-68.4306473182194,-6.7266141161739
"村里中山區龍洲里",-116.036840487201,26.4371718621411,-4.38915482685836,1.13969390648105e-05,-167.8537007218,-64.219980252602
"村里中正區三愛里",-7.99588894139943,17.8221209824193,-0.448649683687312,0.653685868125017,-42.9272483487419,26.9354704659431
"村里中正區文北里",-47.5658574862852,22.4617866150939,-2.11763464328887,0.0342097711664766,-91.5909621276953,-3.54075284487502
"村里中正區文盛里",-15.6712082861581,28.3360888800234,-0.553047682498134,0.580232643385238,-71.2099461189284,39.8675295466121
"村里中正區文祥里",-123.53066636831,25.8951011574812,-4.77042609785756,1.84230937081663e-06,-174.285067952373,-72.7762647842468
"村里中正區水源里",72.1333482077763,28.6731622986561,2.51570954945409,0.0118816703953924,15.9339464313298,128.332749984223
"村里中正區永功里",-186.316608608503,30.922587299074,-6.02525936159561,1.6973442483909e-09,-246.924883673767,-125.708333543239
"村里中正區永昌里",-211.030540600541,63.453396344136,-3.32575642533031,0.000882272860203393,-335.399205559109,-86.6618756419736
"村里中正區光復里",-98.0677264632266,17.6475514880762,-5.55701602737851,2.75487778034166e-08,-132.656929639306,-63.4785232871472
"村里中正區幸市里",-51.4868664726114,21.2811294802284,-2.41936719197381,0.015550236663903,-93.1978829785233,-9.77584996669944
"村里中正區幸福里",-74.5206038353349,19.4447199375283,-3.8324338984955,0.00012699987841769,-112.632257402436,-36.4089502682342
"村里中正區忠勤里",-7.48454245928957,28.6698370273955,-0.261059818796239,0.794047196455985,-63.6774267036395,48.7083417850603
"村里中正區東門里",-159.754792750912,27.051720150073,-5.9055317689467,3.53235395055861e-09,-212.776167708539,-106.733417793285
"村里中正區板溪里",-162.800980177013,25.9882646111335,-6.26440366884936,3.76566985853698e-10,-213.737982142162,-111.863978211863
"村里中正區林興里",-167.222449368217,29.868842254445,-5.59855812099084,2.17003136605568e-08,-225.765384011095,-108.679514725339
"村里中正區河堤里",-131.916705003476,28.1156108831696,-4.69193806784555,2.71173672939405e-06,-187.023305934184,-76.8101040727675
"村里中正區南門里",-186.949109791928,39.1018214627209,-4.78108443030364,1.74729306148379e-06,-263.588684865143,-110.309534718713
"村里中正區南福里",-91.8811846990234,16.8679235548627,-5.44709515668488,5.13824483478292e-08,-124.942317026187,-58.8200523718596
"村里中正區建國里",-55.1537181474224,25.2173164967036,-2.18713669056071,0.0287360631132318,-104.579661709583,-5.72777458526144
"村里中正區梅花里",-103.015358780827,18.773536603339,-5.48726438483123,4.09710282146198e-08,-139.811492926984,-66.2192246346708
"村里中正區頂東里",-165.796578958622,20.7353117282368,-7.99585659148032,1.30756981006271e-15,-206.437792600748,-125.155365316495
"村里中正區富水里",-232.700849238413,61.1698242929435,-3.80417717278382,0.000142405200207848,-352.593712684273,-112.807985792553
"村里中正區廈安里",-186.806575143586,40.5068148821365,-4.61173201810958,4.00079739012646e-06,-266.19993749874,-107.413212788433
"村里中正區愛國里",-68.0758061487067,32.9111087003261,-2.06847501761714,0.0385992842746559,-132.581583415019,-3.57002888239454
"村里中正區新營里",-142.136524265563,22.0971584165976,-6.4323439958145,1.26512048834062e-10,-185.446957591236,-98.82609093989
"村里中正區網溪里",-246.473984186897,26.3568570198163,-9.35141788725362,8.9093222011224e-21,-298.133427320256,-194.814541053537
"村里中正區黎明里",6.23410936147406,17.8720396851371,0.348819131520759,0.727226218481096,-28.7950907095865,41.2633094325347
"村里中正區螢圃里",-172.519763606603,26.0997935937508,-6.61000490241083,3.87238178578561e-11,-223.675362391962,-121.364164821245
"村里中正區螢雪里",-151.197896768151,48.9713809409683,-3.08747464055405,0.00201949127734353,-247.18180968235,-55.2139838539528
"村里中正區龍光里",-211.763520513166,34.4169885854323,-6.15287766933796,7.65276627077771e-10,-279.220822547087,-144.306218479245
"村里中正區龍福里",-133.694538770856,25.9133842165519,-5.15928516528768,2.48613881586621e-07,-184.484775153039,-82.9043023886737
"村里中正區龍興里",-108.416887494535,41.6606425028674,-2.60238155201455,0.00925995897417604,-190.071752134048,-26.7620228550225
"村里內湖區大湖里",-201.32459095477,26.2507182034439,-7.66929839383814,1.75310150471743e-14,-252.77600199445,-149.873179915089
"村里內湖區五分里",-192.654827307426,25.8706680926265,-7.44684391673421,9.67658929906217e-14,-243.361340081246,-141.948314533606
"村里內湖區內湖里",-227.563769985665,17.3509854088741,-13.1153225377781,3.01463239725863e-39,-261.571703608539,-193.555836362792
"村里內湖區內溝里",-176.370454689004,34.3563044687183,-5.13356885777952,2.85108189694925e-07,-243.708815846396,-109.032093531612
"村里內湖區石潭里",-177.181649260347,16.1677517767248,-10.9589540776732,6.36439401546973e-28,-208.870444812716,-145.492853707978
"村里內湖區安泰里",-220.763780140432,33.7647557565018,-6.53829045092148,6.26806528800007e-11,-286.942705746142,-154.584854534721
"村里內湖區安湖里",-258.397184518956,28.7122889456473,-8.99953274390993,2.32553063113981e-19,-314.673274528515,-202.121094509397
"村里內湖區行善里",-259.277407300164,30.3267911001607,-8.54945076265552,1.26286035276363e-17,-318.717921739277,-199.836892861051
"村里內湖區西安里",-214.139199300483,27.5753788171762,-7.76559410915872,8.2433718759865e-15,-268.186945312678,-160.091453288289
"村里內湖區西康里",-139.776643557946,16.283158681096,-8.58412340599621,9.34950683255984e-18,-171.691636657659,-107.861650458234
"村里內湖區西湖里",-147.638834005993,17.0817435460712,-8.64307754110674,5.59249861211849e-18,-181.119053543301,-114.158614468685
"村里內湖區秀湖里",-239.821340363137,29.0803796109785,-8.24684352719381,1.65606908030056e-16,-296.818888123872,-182.823792602402
"村里內湖區明湖里",-253.084769021785,24.1848141758189,-10.4646149927764,1.31557833043486e-25,-300.487007902819,-205.682530140752
"村里內湖區東湖里",-219.262364341395,26.5261391199586,-8.26589815237827,1.412054422688e-16,-271.253600412707,-167.271128270083
"村里內湖區金湖里",-216.685251490933,19.4776313620086,-11.1248255736877,1.0078534480681e-28,-254.861411454229,-178.509091527638
"村里內湖區金瑞里",-172.103118400349,26.7046781297325,-6.44468049995828,1.16644054823238e-10,-224.444290953676,-119.761945847022
"村里內湖區金龍里",-175.612314088851,27.7223727737185,-6.33467833082944,2.39371937797788e-10,-229.948168274688,-121.276459903013
"村里內湖區南湖里",-204.02288340407,29.4142497358649,-6.93619198980638,4.06522886102709e-12,-261.674816652329,-146.370950155812
"村里內湖區康寧里",-229.193841572642,33.5090280969504,-6.83976392599404,8.00157279787389e-12,-294.87154093289,-163.516142212393
"村里內湖區清白里",-169.795507136244,17.9043377910242,-9.48348434430037,2.53791279741561e-21,-204.888011498978,-134.703002773509
"村里內湖區港都里",-207.782763791591,20.5863289582622,-10.0932402378715,6.16143722548135e-24,-248.131971185492,-167.433556397689
"村里內湖區港富里",-220.528937062936,21.4888865733825,-10.2624645678989,1.0858788114888e-24,-262.64715749803,-178.410716627843
"村里內湖區港華里",-189.943934012083,22.6712840386424,-8.37817274435494,5.480243061553e-17,-234.37965363047,-145.508214393695
"村里內湖區港墘里",-145.960194480424,15.8244620307834,-9.22370657507895,2.95209226924167e-20,-176.976142086796,-114.944246874052
"村里內湖區湖元里",-180.557303777531,15.5391736749464,-11.6194919726421,3.5199612623442e-31,-211.014086169936,-150.100521385125
"村里內湖區湖興里",-121.202585148633,18.0118448016078,-6.72904893883021,1.72172658435963e-11,-156.505803265876,-85.8993670313906
"村里內湖區湖濱里",-187.127183377271,20.5450548296062,-9.10813745347686,8.60864035128352e-20,-227.395493473723,-146.85887328082
"村里內湖區紫星里",-170.828203696322,21.6890914921921,-7.87622680082375,3.42555195645044e-15,-213.338825797915,-128.317581594729
"村里內湖區紫陽里",-210.204227886372,19.0518762350875,-11.0332560054764,2.79701364690468e-28,-247.545907746392,-172.862548026352
"村里內湖區紫雲里",-221.100725115681,28.0805450849831,-7.87380460195985,3.49249908319322e-15,-276.138597077455,-166.062853153908
"村里內湖區週美里",-173.233980118064,18.4257827897763,-9.40171617643209,5.53373123390824e-21,-209.348516745114,-137.119443491014
"村里內湖區瑞光里",-212.342395108437,30.0279158021843,-7.07149961746566,1.54792686294109e-12,-271.197113925251,-153.487676291624
"村里內湖區瑞陽里",-231.498226357404,20.4607959953223,-11.3142336402909,1.18864563242559e-29,-271.601389127871,-191.395063586937
"村里內湖區葫洲里",-228.572496109017,26.3317947227216,-8.68047539166718,4.02956989640225e-18,-280.182817136862,-176.962175081172
"村里內湖區碧山里",-186.936201744515,25.404547835377,-7.35837547496901,1.88328120530646e-13,-236.729118754447,-137.143284734583
"村里內湖區樂康里",-226.502509295137,25.4456907708207,-8.90140933233671,5.65092913960148e-19,-276.376066463807,-176.628952126468
"村里內湖區麗山里",-164.580413113354,22.9172532683437,-7.18150692782599,6.96760161463256e-13,-209.498232453448,-119.662593773259
"村里內湖區寶湖里",-161.101325184786,15.450724688462,-10.4267811661346,1.95888143706974e-25,-191.384747552358,-130.817902817214
"村里內湖區蘆洲里",-258.781538206786,41.261400913227,-6.27175841050587,3.59208872321835e-10,-339.653889279488,-177.909187134084
"村里文山區木柵里",-268.974127919773,34.0202326371267,-7.90629890126733,2.69254562108375e-15,-335.653788244218,-202.294467595329
"村里文山區木新里",-173.772695554421,35.090026419355,-4.95219620178374,7.35623423050802e-07,-242.549151829001,-104.996239279841
"村里文山區忠順里",-144.851817925303,47.6599530810799,-3.03927739246571,0.00237239692824855,-238.265332066215,-51.43830378439
"村里文山區明義里",-205.31752125512,47.7153814286015,-4.30296300915765,1.6877251396244e-05,-298.839674964271,-111.795367545968
"村里文山區明興里",-193.381923667032,40.1514947160235,-4.81630696527613,1.4656493840465e-06,-272.078858451111,-114.684988882952
"村里文山區指南里",-109.258110914315,41.4993518624167,-2.63276668215301,0.00847123375524119,-190.596845877894,-27.9193759507362
"村里文山區政大里",-178.248343816165,25.5325828496637,-6.98121082640542,2.95413776485072e-12,-228.292209470492,-128.204478161838
"村里文山區博嘉里",-312.533439042973,37.452490297255,-8.34479727682831,7.27032890657385e-17,-385.940324820707,-239.126553265238
"村里文山區景仁里",-258.531740013153,32.6314924932065,-7.92276786196573,2.35902883175345e-15,-322.489469477711,-194.574010548595
"村里文山區景行里",-306.259101271558,19.9009717935348,-15.3891530749795,2.39952938402361e-53,-345.265008534846,-267.253194008269
"村里文山區景東里",-227.416920361175,31.2579976200516,-7.27547948289849,3.49033263864327e-13,-288.682599698498,-166.151241023852
"村里文山區景美里",-215.427692009093,48.2677622754247,-4.46317960173548,8.08864796710846e-06,-310.032512248741,-120.822871769446
"村里文山區景華里",-246.184276643424,28.0929523104915,-8.76320416318384,1.94197974397713e-18,-301.246466768782,-191.122086518065
"村里文山區景慶里",-258.701260123308,39.5512582098902,-6.54091100592641,6.15926786040473e-11,-336.221731278517,-181.180788968099
"村里文山區華興里",-183.965198219452,36.9017973486427,-4.98526390141315,6.20345682020993e-07,-256.2927257474,-111.637670691504
"村里文山區順興里",-161.159830489763,43.8510823046945,-3.67516198049484,0.000237887676403542,-247.107957421303,-75.2117035582229
"村里文山區萬年里",-245.832026674698,33.8459670121995,-7.26325906380782,3.82050162780222e-13,-312.170126351974,-179.493926997423
"村里文山區萬有里",-245.536017336075,33.1288967671378,-7.41153619035193,1.2633943166181e-13,-310.468659241222,-180.603375430928
"村里文山區萬和里",-345.061022016185,42.0275896130334,-8.21034528016748,2.24515653977229e-16,-427.435103038604,-262.686940993766
"村里文山區萬芳里",-274.028042481359,30.1161885901202,-9.09902797498273,9.36114190978342e-20,-333.055775973829,-215.00030898889
"村里文山區萬美里",-290.643118876714,41.8560106199065,-6.94388009206221,3.85005841661608e-12,-372.680905050636,-208.605332702791
"村里文山區萬盛里",-212.399709049317,38.8294514338054,-5.4700672094584,4.51502717264893e-08,-288.505438830985,-136.293979267648
"村里文山區萬祥里",-262.751599708464,39.7268076271105,-6.61396209266902,3.77027861395399e-11,-340.6161477439,-184.887051673027
"村里文山區萬隆里",-230.677454013005,37.6506800465909,-6.12678054493447,9.01829066497687e-10,-304.472791724813,-156.882116301198
"村里文山區萬興里",-195.896064287469,37.4104786465962,-5.23639556013251,1.64246093854626e-07,-269.220607224533,-122.571521350404
"村里文山區試院里",-275.754196596191,39.8860877071253,-6.91354335428918,4.76996304855923e-12,-353.93093360885,-197.577459583533
"村里文山區樟文里",-56.8396360168347,42.9386012884578,-1.32374214136578,0.185593307888343,-140.999300039724,27.3200280060548
"村里文山區樟林里",-177.813864822607,51.4527724764432,-3.45586556883823,0.000548875572257354,-278.661305464034,-76.9664241811806
"村里文山區樟新里",-118.072109040542,79.0111049183858,-1.49437359675585,0.135082805948618,-272.933884796522,36.7896667154392
"村里文山區樟腳里",-113.335361465633,44.7525985589284,-2.53248671842816,0.0113279762554583,-201.050460370895,-25.6202625603718
"村里文山區樟樹里",-109.185683607383,50.1965231431773,-2.17516426976324,0.029621365749308,-207.570875394769,-10.8004918199974
"村里文山區興光里",-60.3831696390798,38.4676745755904,-1.56971198039082,0.116486953180818,-135.779816732328,15.0134774541683
"村里文山區興安里",-178.719363459464,32.8109389160902,-5.44694450580996,5.1425949785984e-08,-243.028807935848,-114.409918983079
"村里文山區興邦里",-250.096496296182,38.4905812880235,-6.49760247642714,8.21919629481189e-11,-325.538040548731,-174.654952043632
"村里文山區興旺里",-212.789659388059,34.4990524400458,-6.16798562099222,6.95675653633053e-10,-280.407806587529,-145.171512188589
"村里文山區興昌里",-216.279126130256,37.6579840318826,-5.74324759251973,9.32864760408766e-09,-290.088779654171,-142.469472606342
"村里文山區興家里",-250.628123044219,40.3552366612101,-6.21054772019527,5.31155972255807e-10,-329.72439206695,-171.531854021488
"村里文山區興泰里",-339.335769801693,30.981699065345,-10.9527811591606,6.81263268054186e-28,-400.059903936416,-278.61163566697
"村里文山區興得里",28.7532922431345,35.0299400909089,0.820820480095445,0.41175151228578,-39.905394819998,97.411979306267
"村里文山區興業里",-222.771686228594,41.109207671979,-5.41902164610292,6.0136428552103e-08,-303.345738528965,-142.197633928224
"村里文山區興福里",-198.641450624646,58.6630672509049,-3.38614156970427,0.000709243442195472,-313.621069947166,-83.6618313021264
"村里文山區興豐里",-303.099990409458,46.8415820841732,-6.47074622425848,9.82041881717008e-11,-394.909497291656,-211.29048352726
"村里北投區一德里",-339.010275331227,24.6804949454725,-13.735959350905,7.08934855937599e-43,-387.384048584245,-290.636502078209
"村里北投區八仙里",-299.536770428259,21.5419576457178,-13.9048073232009,6.8369981943148e-44,-341.759010171925,-257.314530684594
"村里北投區大屯里",-117.27996685667,93.2581985191651,-1.25758344809296,0.208546916786578,-300.066047894261,65.5061141809215
"村里北投區大同里",-288.857985872027,27.074373483938,-10.6690552246165,1.49370750089014e-26,-341.92376136693,-235.792210377124
"村里北投區中心里",-214.947754318996,21.1942911836602,-10.14177603093,3.75584444759178e-24,-256.488567752516,-173.406940885476
"村里北投區中央里",-278.060286007467,24.5113300199544,-11.3441533275061,8.45281147093365e-30,-326.10249598481,-230.018076030123
"村里北投區中和里",-255.504820071961,41.6734742348061,-6.13111397030011,8.77614684927239e-10,-337.184834907717,-173.824805236206
"村里北投區中庸里",-254.125571605717,30.1300354337872,-8.43429381834533,3.39871640620356e-17,-313.180444913547,-195.070698297888
"村里北投區文化里",-315.303706314039,53.2374525369353,-5.92259192145391,3.18478763929497e-09,-419.649120102526,-210.958292525551
"村里北投區文林里",-145.11162553452,25.6053675809466,-5.66723461695196,1.45726884870484e-08,-195.29814927148,-94.9251017975598
"村里北投區永和里",-57.0268979431511,21.4429812478534,-2.65946685696327,0.00782834295581429,-99.0551439343301,-14.998651951972
"村里北投區永明里",-105.305494640131,25.8329990422259,-4.07639447777632,4.57931994982084e-05,-155.938176070342,-54.6728132099191
"村里北投區永欣里",-79.4547798727515,17.5446174409198,-4.52872683832004,5.9444405142018e-06,-113.842232303226,-45.0673274422773
"村里北投區石牌里",-225.083746567544,29.9242908169396,-7.5217737972299,5.47238950368748e-14,-283.73536040001,-166.432132735077
"村里北投區立農里",-198.002103286503,28.0299427854931,-7.06394960566879,1.63438363950054e-12,-252.940794734797,-143.063411838208
"村里北投區立賢里",-240.330837252353,35.612351930215,-6.74852471758391,1.50591742299243e-11,-310.131051595093,-170.530622909613
"村里北投區吉利里",-226.161049788573,38.3145131023149,-5.90275150266516,3.59239000396893e-09,-301.257500374592,-151.064599202555
"村里北投區吉慶里",-198.520355396803,30.8907905508279,-6.42652233422632,1.31447770800555e-10,-259.066308831433,-137.974401962172
"村里北投區秀山里",-159.444706735603,93.3703812384174,-1.70765830256672,0.0877044924221366,-342.450665917292,23.5612524460857
"村里北投區奇岩里",-157.811562827233,20.7806119642507,-7.59417302525639,3.13847845882526e-14,-198.541564937747,-117.08156071672
"村里北投區東華里",-201.817146425605,38.5841919409278,-5.23056558329862,1.69509373039226e-07,-277.442167569832,-126.192125281377
"村里北投區林泉里",-232.644344879998,26.1425524807375,-8.89906771924494,5.7712707737891e-19,-283.883751089325,-181.404938670671
"村里北投區長安里",-230.345293120203,21.6286811772414,-10.6499925368812,1.83283575442037e-26,-272.737510996758,-187.953075243648
"村里北投區建民里",-161.02561784067,22.1231754879984,-7.2785942473776,3.410763611194e-13,-204.38704462962,-117.66419105172
"村里北投區泉源里",-232.245119930986,206.936528505789,-1.12230122737605,0.261738489935382,-637.840742296816,173.350502434845
"村里北投區洲美里",-247.483356033733,64.1195684872615,-3.85971649330266,0.000113627249213002,-373.157718478118,-121.808993589348
"村里北投區振華里",-57.215855098822,22.9983490213291,-2.48782445408403,0.0128551776207153,-102.29262212515,-12.1390880724939
"村里北投區桃源里",-327.665053696643,30.7896912757255,-10.6420376470281,1.99598875629447e-26,-388.012852539129,-267.317254854157
"村里北投區清江里",-291.709595552274,33.0355577227266,-8.83017014577582,1.07026282218796e-18,-356.459292918425,-226.959898186124
"村里北投區尊賢里",-268.060807842292,44.2448112179647,-6.05858179667069,1.38071372579368e-09,-354.780643494251,-181.340972190332
"村里北投區智仁里",-160.242796974226,20.245414331692,-7.91501691933184,2.51059353022573e-15,-199.923811656401,-120.56178229205
"村里北投區湖山里",308.358950064209,122.201006922759,2.52337487087252,0.011625782790477,68.8449608499701,547.872939278448
"村里北投區開明里",-182.579490057454,27.8781055176178,-6.54920722436005,5.82687372617566e-11,-237.220580441273,-127.938399673635
"村里北投區溫泉里",-256.10010405701,29.744044209894,-8.61013056092156,7.45618126150948e-18,-314.39843451659,-197.80177359743
"村里北投區裕民里",-183.775211082985,16.6143096238857,-11.0612607591457,2.0488125180287e-28,-216.339260072963,-151.211162093006
"村里北投區榮光里",-203.649779264991,29.8647953064403,-6.81905826493559,9.24291167509861e-12,-262.184781889262,-145.114776640721
"村里北投區榮華里",-129.290335521461,22.2104190400444,-5.82115696639292,5.87126895961252e-09,-172.822759683591,-85.7579113593305
"村里北投區福興里",-172.460099508177,32.0163233445071,-5.38663036515607,7.20370837692313e-08,-235.212097362523,-109.708101653831
"村里北投區稻香里",-308.579953010272,33.8144627388784,-9.12567960618461,7.32402833187036e-20,-374.856304307805,-242.303601712739
"村里北投區豐年里",-256.59833435709,49.1367075382983,-5.22213121742215,1.77413476353149e-07,-352.906287423222,-160.290381290957
"村里北投區關渡里",-250.531740251267,23.2470452111161,-10.7769283354544,4.66119629346749e-27,-296.095951841419,-204.967528661115
"村里松山區三民里",-83.1945941793259,26.1435825642531,-3.18221857983153,0.00146219540121844,-134.436019352476,-31.9531690061763
"村里松山區中正里",-47.1508305008428,16.0869876340225,-2.93099190311572,0.00337998052125186,-78.6813283231751,-15.6203326785105
"村里松山區中崙里",12.5787819182467,18.7349454061807,0.671407449850211,0.501963363178316,-24.1417134765389,49.2992773130323
"村里松山區中華里",-112.344906267872,17.833687714527,-6.29958918571606,3.0032018254142e-10,-147.298936471626,-77.3908760641171
"村里松山區介壽里",153.159434431492,35.0104338853112,4.37467970072062,1.21798071843808e-05,84.5389795338285,221.779889329155
"村里松山區民有里",-69.1801555619254,16.9912923739799,-4.07150639511486,4.67647736404976e-05,-102.483090790354,-35.8772203334968
"村里松山區民福里",-101.288988265638,21.3989470784149,-4.73336318345345,2.21289500665505e-06,-143.23092727908,-59.347049252196
"村里松山區吉仁里",-69.9818101068245,29.0645219356134,-2.40780874572288,0.0160513262268655,-126.948276821814,-13.0153433918352
"村里松山區吉祥里",-134.326901743117,18.0538850141646,-7.44033218543974,1.01653438836299e-13,-169.712518682353,-98.9412848038804
"村里松山區安平里",-131.661099817127,18.6424225902056,-7.06244583717889,1.65216087982498e-12,-168.200250480756,-95.121949153499
"村里松山區自強里",-261.431025612962,28.0520070207669,-9.31951234075423,1.20359160886797e-20,-316.412962965218,-206.449088260706
"村里松山區東光里",-123.477749428361,20.4584607181895,-6.03553469291938,1.59283388447555e-09,-163.576335055349,-83.3791638013733
"村里松山區東昌里",-106.428587105525,37.1483432690887,-2.86496187285111,0.00417191799842567,-179.239344669113,-33.6178295419363
"村里松山區東勢里",-118.512379526937,24.3640105927911,-4.86423936960537,1.15163426088625e-06,-166.265843408179,-70.7589156456948
"村里松山區東榮里",29.5755863043092,23.2887847015743,1.26994974977419,0.204107032338171,-16.0704346924847,75.2216073011031
"村里松山區松基里",-60.2120162624151,18.9508125544463,-3.17727886809201,0.00148732855145942,-97.3556112954391,-23.0684212293911
"村里松山區美仁里",-81.5620686069516,24.3416707912831,-3.35071775911781,0.000806478342083643,-129.271746474378,-33.8523907395254
"村里松山區莊敬里",-90.77259755845,50.2299615838486,-1.80714049336717,0.0707449532893386,-189.223328693832,7.67813357693245
"村里松山區富泰里",-91.4350925681283,25.5010124425405,-3.58554754538284,0.000336615694390084,-141.417080220452,-41.4531049158049
"村里松山區富錦里",-62.1704819912183,32.4067511038276,-1.91844229592874,0.0550592852357407,-125.687718303819,1.34675432138283
"村里松山區復建里",-10.6358623888011,20.4040629369344,-0.521261986971653,0.60218603650366,-50.6278283575642,29.356103579962
"村里松山區復盛里",-107.934926600434,22.2061565588014,-4.86058568103061,1.17308772186601e-06,-151.458996298782,-64.4108569020863
"村里松山區復勢里",-102.766533946202,18.1116622227743,-5.67405314223337,1.40043225497243e-08,-138.265394221711,-67.267673670693
"村里松山區復源里",-147.609609681724,37.7894729605788,-3.90610395216963,9.389004595922e-05,-221.676981522718,-73.5422378407303
"村里松山區敦化里",-69.8974431168258,24.9600010930375,-2.80037820736808,0.00510576804754358,-118.819048454857,-20.975837778795
"村里松山區慈祐里",-131.282540381258,18.3635041945275,-7.14910068310281,8.8255258047607e-13,-167.275010953646,-95.2900698088688
"村里松山區新東里",-109.785946750958,29.5459031954395,-3.71577561954187,0.00020274926822186,-167.695920796839,-51.8759727050775
"村里松山區新益里",-157.515892879029,40.1718361480619,-3.92105285649555,8.82524366137789e-05,-236.252696872508,-78.7790888855498
"村里松山區新聚里",-201.309672152845,20.1004536545637,-10.0151805333577,1.35927604815286e-23,-240.70656388929,-161.912780416401
"村里松山區福成里",-32.5618750011069,29.6559222770739,-1.09798895130904,0.272213341663535,-90.6874864610769,25.5637364588631
"村里松山區精忠里",45.5422149756387,22.7684758641916,2.00023116379361,0.0454794204248105,0.915999366731171,90.1684305845463
"村里松山區龍田里",-233.049996235387,27.1568891736532,-8.58161605864213,9.55537737723633e-18,-286.277502492696,-179.822489978077
"村里松山區鵬程里",-187.428813348363,35.4388089885195,-5.28880113914328,1.23513953583381e-07,-256.88888350316,-117.968743193565
"村里信義區三張里",-90.0177108617391,18.8432948476069,-4.77717467087087,1.78158732413e-06,-126.950571175592,-53.0848505478861
"村里信義區三犁里",-49.1853560274438,17.3128517663244,-2.84097367038718,0.00449898699948291,-83.1185477060375,-15.2521643488501
"村里信義區大仁里",-151.599851700066,54.9692678132749,-2.75790196469481,0.00581897302200321,-259.339623651907,-43.8600797482256
"村里信義區大道里",-208.092765817489,33.8587117472087,-6.14591504163309,7.99596366742377e-10,-274.455845177014,-141.729686457964
"村里信義區中行里",-200.546193597891,41.7985684765665,-4.79792014193794,1.6067323275386e-06,-282.471393163512,-118.620994032269
"村里信義區中坡里",-198.530621513648,50.2743369251982,-3.94894559840811,7.85780525474024e-05,-297.068328323757,-99.9929147035387
"村里信義區中興里",-80.7208632042049,17.5087923611495,-4.61030444243075,4.02836136691844e-06,-115.038098473742,-46.4036279346674
"村里信義區五全里",-224.247900511488,43.4021965775677,-5.1667408148506,2.38906388768471e-07,-309.316211360388,-139.179589662588
"村里信義區五常里",-150.868961490713,29.3482852041208,-5.14063974918469,2.74588114167197e-07,-208.391604248307,-93.3463187331179
"村里信義區六合里",-88.293135998279,25.1346676015927,-3.51280300968389,0.000443703998456254,-137.557087715441,-39.0291842811171
"村里信義區六藝里",-102.714148460463,29.0255523897039,-3.53874913667099,0.000402305345385345,-159.60423486048,-45.8240620604458
"村里信義區四育里",-206.5861261512,26.3924639046058,-7.82746646534764,5.05197585518683e-15,-258.315358783305,-154.856893519094
"村里信義區四維里",-175.534839106251,43.452834088105,-4.03966375933814,5.35887222796343e-05,-260.702399482287,-90.3672787302144
"村里信義區正和里",-54.1708775949168,21.9924538717627,-2.46315749532932,0.013774487548757,-97.2760899993082,-11.0656651905254
"村里信義區永吉里",-77.941040434899,39.1092892130244,-1.99290352760854,0.0462761452458943,-154.595252299665,-1.28682857013314
"村里信義區永春里",-106.315061329311,25.3824668831407,-4.18852359066513,2.81141254076272e-05,-156.064699670033,-56.565422988589
"村里信義區安康里",-69.8741625731998,14.9489351229778,-4.67418996727045,2.95701384373629e-06,-99.1740773281775,-40.5742478182221
"村里信義區西村里",377.105734420877,22.4985676813623,16.7613218655367,6.33074368516142e-63,333.008538884872,421.202929956882
"村里信義區松友里",-203.631359213317,33.3360972393323,-6.10843428225482,1.01176462717463e-09,-268.970114070494,-138.292604356141
"村里信義區松光里",-117.421157502738,19.9290189640985,-5.89196877750325,3.83476637729196e-09,-156.482037223922,-78.3602777815545
"村里信義區松隆里",-264.25841333262,70.1354104309254,-3.76783156623688,0.000164815611828169,-401.723826756806,-126.792999908434
"村里信義區長春里",20.1400974689694,43.5139371287556,0.4628424545767,0.643478832255284,-65.1472248745651,105.427419812504
"村里信義區泰和里",-127.469636449238,24.0353448915707,-5.30342447858702,1.14017183910355e-07,-174.578915514008,-80.3603573844673
"村里信義區國業里",-139.506093804583,24.1861949717619,-5.76800501143156,8.05743748641847e-09,-186.911039045842,-92.1011485633248
"村里信義區富台里",30.5521892809852,19.4992213270272,1.56684150451885,0.11715656406741,-7.66628701651109,68.7706655784815
"村里信義區惠安里",-167.814398089215,28.1272401869897,-5.96625893523808,2.4399431741306e-09,-222.9437924569,-112.68500372153
"村里信義區敦厚里",-11.1957075888064,17.1952376158534,-0.651093508500538,0.51498840603994,-44.8983755174187,22.5069603398058
"村里信義區景勤里",-153.356958766222,36.3981909967097,-4.21331265556811,2.51987931090725e-05,-224.697417779904,-82.0164997525403
"村里信義區景新里",19.1561741665351,17.782052983675,1.07727573324191,0.28136105941651,-15.6966519581386,54.0090002912088
"村里信義區景聯里",-100.959465541689,22.0066779397404,-4.58767406048929,4.49039135929521e-06,-144.092557121138,-57.8263739622402
"村里信義區雅祥里",-118.138089278319,18.3714664697078,-6.43052036554149,1.28038345718863e-10,-154.146165911081,-82.1300126455571
"村里信義區新仁里",-43.6963404053128,20.3887504149418,-2.14315931658519,0.032103972761488,-83.65829382901,-3.73438698161561
"村里信義區嘉興里",-133.876930419314,22.8834274763094,-5.85038803989977,4.92746849726407e-09,-178.72845120269,-89.0254096359383
"村里信義區廣居里",-57.4056870459116,20.458170565921,-2.80600295422004,0.00501749968992304,-97.5037039744159,-17.3076701174074
"村里信義區黎平里",-132.440292459512,22.2165205787474,-5.96134268595624,2.51446834627837e-09,-175.984675638281,-88.8959092807428
"村里信義區黎安里",-220.138787833752,85.6890521534236,-2.56904216234765,0.0102001935263857,-388.089341025397,-52.1882346421064
"村里信義區黎忠里",-209.6726768801,48.4132773005094,-4.33089203151083,1.48726438563038e-05,-304.562706587545,-114.782647172656
"村里信義區黎順里",-101.3819176517,17.7015856642802,-5.72727887628038,1.02498573756508e-08,-136.077027820057,-66.6868074833421
"村里信義區興隆里",-0.660105753028845,25.961118884535,-0.0254267066055488,0.979714686498507,-51.5439020905698,50.2236905845122
"村里信義區興雅里",69.6327957162102,16.7567039004305,4.15551865867973,3.24961124047821e-05,36.7896539259732,102.475937506447
"村里信義區雙和里",-96.2820478826966,27.5978311324471,-3.48875414957868,0.000485595046890796,-150.373800435697,-42.1902953296964
"村里南港區九如里",-140.276759160384,42.4229441048886,-3.30662480221923,0.000944779443184182,-223.425735037458,-57.1277832833112
"村里南港區三重里",-239.237777771254,16.5441157009199,-14.4605962685544,2.54190836362979e-47,-271.664246663232,-206.811308879276
"村里南港區中南里",-186.781643587885,35.8520024833367,-5.20979668219919,1.8961737880271e-07,-257.051573045426,-116.511714130344
"村里南港區中研里",-204.915012026594,29.7270580621907,-6.89321531911768,5.50358169193474e-12,-263.1800496345,-146.649974418687
"村里南港區仁福里",-268.213569334325,53.0859942206927,-5.05243564280419,4.3737886270071e-07,-372.262124803586,-164.165013865065
"村里南港區玉成里",-333.697561108096,20.2793664203725,-16.4550289289544,1.02180789187365e-60,-373.445121888433,-293.950000327759
"村里南港區合成里",-207.606961371168,27.0846955483067,-7.66510227153532,1.8113271594479e-14,-260.692968113555,-154.520954628781
"村里南港區成福里",-266.743702164428,31.3816811193529,-8.4999812836645,1.9353207658581e-17,-328.251801176217,-205.235603152638
"村里南港區百福里",-214.869900729839,31.1941756723353,-6.88814165140441,5.70328565642116e-12,-276.010489041467,-153.729312418211
"村里南港區西新里",-189.033827553385,29.9840866583487,-6.30447175888052,2.91010170310717e-10,-247.80264124267,-130.265013864101
"村里南港區東明里",-186.838817063918,25.6842841544984,-7.27444128635352,3.51725707724837e-13,-237.180017295144,-136.497616832693
"村里南港區東新里",-250.116038479221,26.1011859426429,-9.58255456395156,9.78287749212064e-22,-301.274366268587,-198.957710689856
"村里南港區南港里",-232.804141066673,23.2492153198257,-10.0134192859468,1.38366427681652e-23,-278.372606070174,-187.235676063173
"村里南港區重陽里",-238.004102518597,22.5260658403388,-10.5657199177847,4.50902836179351e-26,-282.155194449717,-193.853010587477
"村里南港區新光里",-123.880438614276,25.6911915511166,-4.82190319463371,1.42512809607944e-06,-174.235177343757,-73.5256998847941
"村里南港區新富里",-207.429784279267,29.1044335902203,-7.1270854193489,1.03568118253351e-12,-264.474477842396,-150.385090716139
"村里南港區萬福里",-203.085448664944,36.738769106384,-5.52782397463758,3.25456654996401e-08,-275.093440817193,-131.077456512696
"村里南港區聯成里",-169.820383597353,49.2333707419395,-3.44929427008927,0.000562406629183172,-266.317796554998,-73.3229706397076
"村里南港區鴻福里",-217.199680136054,66.7785981974702,-3.25253428491829,0.00114438539007178,-348.085741152889,-86.3136191192195
"村里南港區舊莊里",-167.882488308566,31.7544967354584,-5.28688864783997,1.24811193086681e-07,-230.121305975654,-105.643670641478
"村里萬華區仁德里",-250.218396807544,22.8336116539809,-10.9583363595448,6.40789853683046e-28,-294.972278572778,-205.46451504231
"村里萬華區日祥里",-168.302877921788,35.5163629269927,-4.7387419220755,2.15498771927881e-06,-237.914953805923,-98.6908020376539
"村里萬華區日善里",-194.561620344595,41.5444664055715,-4.68321384718766,2.82975885352687e-06,-275.988779818534,-113.134460870656
"村里萬華區全德里",-222.261236540908,58.4918413169095,-3.79986732400326,0.000144904154672328,-336.905253010874,-107.617220070942
"村里萬華區西門里",-45.059385859105,23.1610431521648,-1.94548171095193,0.0517212922471457,-90.4550334027012,0.33626168449112
"村里萬華區孝德里",-195.167957780325,66.3947434341956,-2.93950917927347,0.00328847045922418,-325.301663411996,-65.034252148654
"村里萬華區和平里",-233.579402228008,36.5678706199287,-6.38755821075107,1.69679339360921e-10,-305.252433324924,-161.906371131093
"村里萬華區和德里",-42.6743435634397,27.0529177435118,-1.57743959331981,0.114699230379247,-95.6980658043602,10.3493786774809
"村里萬華區忠貞里",-39.8342586986185,34.6975598670713,-1.14804207705747,0.250955378147676,-107.841480480474,28.172963083237
"村里萬華區忠德里",-185.556601271825,26.8662788599923,-6.90667294264354,5.00648972714314e-12,-238.214511277152,-132.898691266499
"村里萬華區青山里",-267.550219629798,29.8108513711918,-8.97492715985796,2.90805079677996e-19,-325.979492134075,-209.120947125521
"村里萬華區保德里",-145.041698725579,47.6414917890894,-3.04444074437643,0.00233205636314298,-238.419028731826,-51.6643687193312
"村里萬華區柳鄉里",-193.537030326509,56.6719827888414,-3.41503898050689,0.000638114549344668,-304.614123848462,-82.4599368045562
"村里萬華區凌霄里",-62.2024435356803,73.9958332736093,-0.840620894228985,0.400563411804003,-207.234286225784,82.8293991544237
"村里萬華區頂碩里",-156.882977392224,27.6220270685139,-5.67963303356015,1.35552808676785e-08,-211.022153983013,-102.743800801435
"村里萬華區富民里",-289.959282272748,33.243627057048,-8.72225168977986,2.78958072677337e-18,-355.116795560808,-224.801768984688
"村里萬華區富福里",-235.965011576626,41.4439111636903,-5.69359901010884,1.24918200621836e-08,-317.195082763603,-154.734940389649
"村里萬華區菜園里",-211.974447912063,24.1175638076362,-8.78921476492362,1.54158808414221e-18,-259.244876062849,-164.704019761278
"村里萬華區華中里",-92.6724787500797,40.862976304758,-2.26788372092439,0.0233395301199382,-172.763917539171,-12.581039960988
"村里萬華區華江里",-148.993973906944,45.7042469146944,-3.25995906212035,0.00111485024076449,-238.574303711348,-59.4136441025398
"村里萬華區新安里",-145.905802414003,25.2579152649568,-5.77663678428895,7.65515683041947e-09,-195.411319567138,-96.4002852608675
"村里萬華區新和里",-266.979818103928,33.1157311215852,-8.06202397053247,7.62953957721566e-16,-331.886655342106,-202.07298086575
"村里萬華區新忠里",-193.836112968418,41.732116667213,-4.64477070535716,3.41113425335368e-06,-275.631066979199,-112.041158957637
"村里萬華區新起里",-219.96141705876,19.8672130771403,-11.0715788975884,1.8264462886528e-28,-258.901157233592,-181.021676883927
"村里萬華區萬壽里",5.90218952422156,20.4296894155944,0.288902557652996,0.772656858812174,-34.1400043459962,45.9443833944393
"村里萬華區壽德里",-128.383311702686,41.4626433730175,-3.09636099531062,0.00195994209553821,-209.650098022342,-47.116525383029
"村里萬華區榮德里",11.7439159844935,41.5674839093082,0.282526505816814,0.777540716223988,-69.7283577997161,93.216189768703
"村里萬華區福星里",-164.368060551479,21.5235098593137,-7.6366755062652,2.25906483795547e-14,-206.55414263143,-122.181978471527
"村里萬華區福音里",-206.032384209125,20.6848514269956,-9.9605445529202,2.35650167588007e-23,-246.574695654358,-165.490072763892
"村里萬華區綠堤里",-233.295272193965,79.0520515127361,-2.95116025112111,0.00316694498068185,-388.237303280115,-78.3532411078153
"村里萬華區銘德里",-74.3878825149776,56.5082688070861,-1.31640703361363,0.188042059719682,-185.144096611729,36.3683315817742
"村里萬華區糖廍里",-255.388319038875,38.3662335848445,-6.6565908398097,2.82449056038734e-11,-330.586141777273,-180.190496300477
"村里萬華區興德里",-137.135969014723,47.6847061448087,-2.87588998867413,0.00403019728528119,-230.597999163713,-43.6739388657329
"村里萬華區錦德里",-103.098134951361,26.0290252664783,-3.96089111658502,7.4749348982031e-05,-154.115027806205,-52.0812420965171
"村里萬華區雙園里",-263.103713378455,38.7159064504211,-6.79575237933229,1.08665024439426e-11,-338.986894978153,-187.220531778757
"村里萬華區騰雲里",-138.694809799466,47.6558244975904,-2.91034330560116,0.00361153236330333,-232.100231916211,-45.2893876827214
"是否為店面TRUE:季數差-38",-276.692010478523,232.523717011163,-1.18995177797386,0.2340696499251,-732.438525590865,179.054504633818
"是否為店面TRUE:季數差-37",NA,NA,NA,NA,NA,NA
"是否為店面TRUE:季數差-36",595.357246049151,107.697185333059,5.52806690544398,3.25006627026934e-08,384.270749007676,806.443743090626
"是否為店面TRUE:季數差-35",28.3753621560251,33.9345498414701,0.836179123889501,0.403057184882273,-38.1363598779625,94.8870841900127
"是否為店面TRUE:季數差-34",123.210775413495,36.272861239018,3.39677574927448,0.000682252449759132,52.1159627409347,194.305588086055
"是否為店面TRUE:季數差-33",58.4834340869925,31.8117942954201,1.83841984969117,0.0660050780940004,-3.86768680495649,120.834554978941
"是否為店面TRUE:季數差-32",194.069421900157,31.3268320330249,6.19499034232276,5.86333418446312e-10,132.668827104593,255.47001669572
"是否為店面TRUE:季數差-31",108.132329678596,32.256054451552,3.35231110925264,0.000801851519053789,44.910458823749,171.354200533443
"是否為店面TRUE:季數差-30",58.1054531122254,32.6152349375033,1.78154329483034,0.0748283610881722,-5.82041154107276,122.031317765524
"是否為店面TRUE:季數差-29",120.808278629634,31.6881081822056,3.81241688317241,0.000137740185689901,58.6995825354215,182.916974723847
"是否為店面TRUE:季數差-28",254.369909803408,31.6276783943994,8.0426361565777,8.93813314940903e-16,192.379656101032,316.360163505784
"是否為店面TRUE:季數差-27",167.43875701164,31.1416028735627,5.37669039360157,7.61258111800102e-08,106.401211392337,228.476302630943
"是否為店面TRUE:季數差-26",167.34087704156,31.8659422851546,5.2514021253192,1.51414838922101e-07,104.883626082798,229.798128000321
"是否為店面TRUE:季數差-25",132.340923350127,30.7083829278735,4.30960248414785,1.63785969977119e-05,72.152488879841,192.529357820412
"是否為店面TRUE:季數差-24",195.585650297467,30.2206618666757,6.47191815852116,9.74458177795239e-11,136.353149169572,254.818151425361
"是否為店面TRUE:季數差-23",151.029847301738,31.1777870501075,4.84414904300329,1.27444778195159e-06,89.9213806917753,212.138313911701
"是否為店面TRUE:季數差-22",121.315693647736,30.5732099539772,3.96803913721707,7.2543403807159e-05,61.3921982235935,181.239189071879
"是否為店面TRUE:季數差-21",82.0916405461087,29.4694795443465,2.78564948602417,0.00534359187325845,24.331456866155,139.851824226062
"是否為店面TRUE:季數差-20",118.258435228124,29.7766437180973,3.97151661374953,7.1492624581503e-05,59.8962097282919,176.620660727956
"是否為店面TRUE:季數差-19",157.247720282017,30.3083405920642,5.18826558004267,2.12891221517651e-07,97.8433688411354,216.652071722898
"是否為店面TRUE:季數差-18",196.024118600197,32.3835555444942,6.05319938790741,1.42764038242331e-09,132.55234558686,259.495891613535
"是否為店面TRUE:季數差-17",178.479585866844,30.5466826316562,5.84284676732398,5.15576867777346e-09,118.608083997847,238.351087735841
"是否為店面TRUE:季數差-16",86.7491314407384,30.0461283120423,2.88719832851043,0.00388815987466654,27.8587161022716,145.639546779205
"是否為店面TRUE:季數差-15",28.4163186997447,30.6282603634174,0.927781021924619,0.353524581962544,-31.6150755339489,88.4477129334383
"是否為店面TRUE:季數差-14",18.2656851854895,30.4522313710069,0.59981434407726,0.548632043236219,-41.4206922005422,77.9520625715211
"是否為店面TRUE:季數差-13",41.6593187619922,30.4200729875695,1.36946807389368,0.170857693272058,-17.964028188385,101.282665712369
"是否為店面TRUE:季數差-12",58.6894716441499,29.9288668936978,1.96096537341707,0.0498872843831705,0.0288887006514571,117.350054587648
"是否為店面TRUE:季數差-11",44.3249160638302,30.4816274481236,1.45415188671492,0.14590898241792,-15.4190776371138,104.068909764774
"是否為店面TRUE:季數差-10",126.175237329789,30.5734454067819,4.12695512890411,3.68051192066302e-05,66.2512804181185,186.099194241458
"是否為店面TRUE:季數差-9",48.6786693600215,29.3685655492576,1.6575092603136,0.0974213372562284,-8.88372287663767,106.241061596681
"是否為店面TRUE:季數差-8",13.4662471564988,29.8197415862149,0.451588325055239,0.651567074334054,-44.9804501703616,71.9129444833592
"是否為店面TRUE:季數差-7",72.2255985225889,29.415014467939,2.45539904803758,0.0140754012258059,14.5721663993672,129.87903064581
"是否為店面TRUE:季數差-6",53.5873434827382,30.4116931122113,1.76206379845459,0.0780631731206424,-6.01957891086377,113.19426587634
"是否為店面TRUE:季數差-5",60.0484958957952,29.4495682590118,2.03902805527276,0.041451225191644,2.32733833764681,117.769653453944
"是否為店面TRUE:季數差-4",36.9957274002644,27.7165922697292,1.33478629119459,0.181950931400209,-17.3287969970138,91.3202517975426
"是否為店面TRUE:季數差-3",47.537717960175,28.7171137833709,1.65537937826128,0.0978523471013521,-8.74782873193973,103.82326465229
"是否為店面TRUE:季數差-2",22.3989751729857,29.8179430914422,0.751191157092734,0.452540314514462,-36.0441971038899,80.8421474498613
"是否為店面TRUE:季數差-1",29.9186507839952,27.8560592584054,1.07404462729118,0.282806628767374,-24.6792289289446,84.5165304969351
"是否為店面TRUE:季數差1",45.1408497599115,29.7293839526119,1.51839169731419,0.128920499897682,-13.1287465935184,103.410446113341
"是否為店面TRUE:季數差2",101.645503468999,30.0174125161285,3.38621802976469,0.000709045883606698,42.8113710941993,160.479635843798
"是否為店面TRUE:季數差3",82.9299340338566,29.7309389293331,2.78934796613625,0.00528295021344368,24.657289925854,141.202578141859
"是否為店面TRUE:季數差4",52.329809025451,28.5461096248201,1.83316780161005,0.066782147020096,-3.62056949401013,108.280187544912
"是否為店面TRUE:季數差5",13.9814697487222,29.5713351552568,0.4728048184269,0.636354008257674,-43.9783509416564,71.9412904391007
"是否為店面TRUE:季數差6",85.6881932657541,36.765574308414,2.33066380377863,0.0197741074592119,13.6276629140951,157.748723617413
